No,a@ID,L,"ڎ
C|[gRtsv","ڎi\jJn
C|[gRtsv","ڎi\jI
C|[gRtsv","x݊Jn
C|[gRtsv","xݏI
C|[gRtsv",\g̎ԁij,\g̐ڎҐ,\g̗DڎҐ,\Jn܂ł̓,\I܂ł̓,\ύX܂ł̓,OID,Jn,I,x݊Jn,xݏI
1,F{a@_8/24`9/10,TRUE,2021-08-24,14:00,16:00,,,30,12,1,120,8,8,F{a@_8/24`9/10/2021-08-24,2021-08-24T14:00:00.000+9,2021-08-24T16:00:00.000+9,2021-08-24T00:00:00.000+9,2021-08-24T00:00:00.000+9
2,F{a@_8/24`9/10,TRUE,2021-08-25,14:00,16:00,,,30,12,1,120,8,8,F{a@_8/24`9/10/2021-08-25,2021-08-25T14:00:00.000+9,2021-08-25T16:00:00.000+9,2021-08-25T00:00:00.000+9,2021-08-25T00:00:00.000+9
3,F{a@_8/24`9/10,TRUE,2021-08-26,14:00,16:00,,,30,12,1,120,8,8,F{a@_8/24`9/10/2021-08-26,2021-08-26T14:00:00.000+9,2021-08-26T16:00:00.000+9,2021-08-26T00:00:00.000+9,2021-08-26T00:00:00.000+9
4,F{a@_8/24`9/10,TRUE,2021-08-27,14:00,16:00,,,30,12,1,120,8,8,F{a@_8/24`9/10/2021-08-27,2021-08-27T14:00:00.000+9,2021-08-27T16:00:00.000+9,2021-08-27T00:00:00.000+9,2021-08-27T00:00:00.000+9
5,F{a@_8/24`9/10,TRUE,2021-08-31,14:00,16:00,,,30,12,1,120,8,8,F{a@_8/24`9/10/2021-08-31,2021-08-31T14:00:00.000+9,2021-08-31T16:00:00.000+9,2021-08-31T00:00:00.000+9,2021-08-31T00:00:00.000+9
6,F{a@_8/24`9/10,TRUE,2021-09-01,14:00,16:00,,,30,12,1,120,8,8,F{a@_8/24`9/10/2021-09-01,2021-09-01T14:00:00.000+9,2021-09-01T16:00:00.000+9,2021-09-01T00:00:00.000+9,2021-09-01T00:00:00.000+9
7,F{a@_8/24`9/10,TRUE,2021-09-03,14:00,16:00,,,30,12,1,120,8,8,F{a@_8/24`9/10/2021-09-03,2021-09-03T14:00:00.000+9,2021-09-03T16:00:00.000+9,2021-09-03T00:00:00.000+9,2021-09-03T00:00:00.000+9
8,F{a@_8/24`9/10,TRUE,2021-09-07,14:00,16:00,,,30,12,1,120,8,8,F{a@_8/24`9/10/2021-09-07,2021-09-07T14:00:00.000+9,2021-09-07T16:00:00.000+9,2021-09-07T00:00:00.000+9,2021-09-07T00:00:00.000+9
9,F{a@_8/24`9/10,TRUE,2021-09-08,14:00,16:00,,,30,12,1,120,8,8,F{a@_8/24`9/10/2021-09-08,2021-09-08T14:00:00.000+9,2021-09-08T16:00:00.000+9,2021-09-08T00:00:00.000+9,2021-09-08T00:00:00.000+9
10,F{a@_8/24`9/10,TRUE,2021-09-09,14:00,16:00,,,30,12,1,120,8,8,F{a@_8/24`9/10/2021-09-09,2021-09-09T14:00:00.000+9,2021-09-09T16:00:00.000+9,2021-09-09T00:00:00.000+9,2021-09-09T00:00:00.000+9
11,F{a@_8/24`9/10,TRUE,2021-09-10,14:00,16:00,,,30,12,1,120,8,8,F{a@_8/24`9/10/2021-09-10,2021-09-10T14:00:00.000+9,2021-09-10T16:00:00.000+9,2021-09-10T00:00:00.000+9,2021-09-10T00:00:00.000+9
12,F{a@_8/24`9/10,TRUE,2021-09-14,14:00,16:00,,,30,12,1,0,0,0,F{a@_8/24`9/10/2021-09-14,2021-09-14T14:00:00.000+9,2021-09-14T16:00:00.000+9,2021-09-14T00:00:00.000+9,2021-09-14T00:00:00.000+9
13,F{a@_8/24`9/10,TRUE,2021-09-15,14:00,16:00,,,30,12,1,0,0,0,F{a@_8/24`9/10/2021-09-15,2021-09-15T14:00:00.000+9,2021-09-15T16:00:00.000+9,2021-09-15T00:00:00.000+9,2021-09-15T00:00:00.000+9
14,F{a@_8/24`9/10,TRUE,2021-09-16,14:00,16:00,,,30,12,1,0,0,0,F{a@_8/24`9/10/2021-09-16,2021-09-16T14:00:00.000+9,2021-09-16T16:00:00.000+9,2021-09-16T00:00:00.000+9,2021-09-16T00:00:00.000+9
15,F{a@_8/24`9/10,TRUE,2021-09-17,14:00,16:00,,,30,12,1,0,0,0,F{a@_8/24`9/10/2021-09-17,2021-09-17T14:00:00.000+9,2021-09-17T16:00:00.000+9,2021-09-17T00:00:00.000+9,2021-09-17T00:00:00.000+9
16,F{a@_8/24`9/10,TRUE,2021-09-21,14:00,16:00,,,30,12,1,0,0,0,F{a@_8/24`9/10/2021-09-21,2021-09-21T14:00:00.000+9,2021-09-21T16:00:00.000+9,2021-09-21T00:00:00.000+9,2021-09-21T00:00:00.000+9
17,F{a@_8/24`9/10,TRUE,2021-09-22,14:00,16:00,,,30,12,1,0,0,0,F{a@_8/24`9/10/2021-09-22,2021-09-22T14:00:00.000+9,2021-09-22T16:00:00.000+9,2021-09-22T00:00:00.000+9,2021-09-22T00:00:00.000+9
18,F{a@_8/24`9/10,TRUE,2021-09-24,14:00,16:00,,,30,12,1,0,0,0,F{a@_8/24`9/10/2021-09-24,2021-09-24T14:00:00.000+9,2021-09-24T16:00:00.000+9,2021-09-24T00:00:00.000+9,2021-09-24T00:00:00.000+9
19,F{a@_8/24`9/10,TRUE,2021-09-28,14:00,16:00,,,30,12,1,0,0,0,F{a@_8/24`9/10/2021-09-28,2021-09-28T14:00:00.000+9,2021-09-28T16:00:00.000+9,2021-09-28T00:00:00.000+9,2021-09-28T00:00:00.000+9
20,F{a@_8/24`9/10,TRUE,2021-09-29,14:00,16:00,,,30,12,1,0,0,0,F{a@_8/24`9/10/2021-09-29,2021-09-29T14:00:00.000+9,2021-09-29T16:00:00.000+9,2021-09-29T00:00:00.000+9,2021-09-29T00:00:00.000+9
21,F{a@_8/24`9/10,TRUE,2021-09-30,14:00,16:00,,,30,12,1,0,0,0,F{a@_8/24`9/10/2021-09-30,2021-09-30T14:00:00.000+9,2021-09-30T16:00:00.000+9,2021-09-30T00:00:00.000+9,2021-09-30T00:00:00.000+9
22,F{a@_8/24`9/10,TRUE,2021-10-01,14:00,16:00,,,30,12,1,0,0,0,F{a@_8/24`9/10/2021-10-01,2021-10-01T14:00:00.000+9,2021-10-01T16:00:00.000+9,2021-10-01T00:00:00.000+9,2021-10-01T00:00:00.000+9
